,,1997,1997,1997,1997,1997,1997,1997,1997,1997,2003,2003,2003,2003,2003,2003,2003,2003,2003,2003,2003,2003
j,u,Bocas Del Toro,Chíriqui,Coclé,Colón,Darién,Herrera,Los Santos,Panamá,Veraguas,Bocas del Toro,Chíriqui,Coclé,Colón,Comarca Emberá,Comarca Ngobe Bugle,Comarca de San Blas,Darién,Herrera,Los Santos,Panamá,Veraguas
Aceite Vegetal,1/2 gallon,3.225,3.25,2.99,3.25,3.2,3.6,3.1,2.99,2.95,,,,,,,,,,,,
Aceite Vegetal,None,,0.1,0.1,0.1,0.25,0.25,0.1,0.1,0.1,,,,,,,,,,,,
Aceite Vegetal,bottle,1.2,1.35,1.3,1.34,1.4,1.3,1.35,1.35,1.3,,,,,,,,,,,,
Aceite Vegetal,can,2.975,,,,,2.09,,7.8,,,,,,,,,,,,,
Aceite Vegetal,gallon,6.7,5.95,5.9,5.75,4.85,5.76,5.99,5.9,5.86,4.800000191,4.875,4.5,4.75999999,6.5,6.699999809,5,5.599999905,4.699999809,4.699999809,4.5,4.535000086
Aceite Vegetal,gram,,,,,,,,,,,,,0.002212389381,,,0.002400000095,0.003539823009,,,0.002212389381,
Aceite Vegetal,large bay,1.5,1.35,1.375,,1.525,1.3,1.3,1.35,1.35,,,,,,,,,,,,
Aceite Vegetal,liter,,,,,,,1.47,3.175,,1.250000017,1.250000033,1.302777784,1.326666673,1.333333333,1.799999952,1.333333333,1.388888926,1.333333333,1.333333333,1.305555537,1.333333333
Aceite Vegetal,medium bar,1.05,1.325,1.275,0.85,1.4,1.35,0.85,1.24,0.85,,,,,,,,,,,,
Aceite Vegetal,milliliter,,,,,,,,,,0.001650555571,0.001584269018,0.001666666667,0.00179704022,0.001671932732,0.002133333365,0.002197802198,0.001585623679,0.001666666667,0.001758241784,0.001758241784,0.001712332609
Aceite Vegetal,ounce,,,,,,,,,,0.06060606061,0.07083333532,0.05000000075,0.03409090909,,0.05,0.0625,0.05479452125,0.05000000075,0.04558823389,0.05,0.05000000075
Aceite Vegetal,pint,1,0.85,0.85,0.85,0.9,0.775,0.85,0.85,0.8,,,,,,,,,,,,
Aceite Vegetal,pound,,,,,,,,3,,,,,,,,,,,,,
Aceite Vegetal,small bar,1,0.85,0.79,0.8,,0.85,0.85,0.85,0.85,,,,,,,,,,,,
Aceite Vegetal,value,0.2818181818,0.461038961,0.538961039,0.2662337662,,,0.5409090909,0.3896103896,0.3181818182,,,,,,,,,,,,
Aguacates,gram,,,,,,,,,,0.001515151515,0.001515151515,0.001515151515,0.00202020202,,0.0006060606061,,0.001515151515,,,0.001919191955,0.0009090909091
Aguacates,ounce,,,,,,,,,,,,,0.05357142857,,,,0.04166666667,,0.0625,0.0625,0.05
Aguacates,pound,,,,,,,0.03333333333,,,,0.6562499977,0.6666666667,,,,,0.25,,,1.5,0.1875
Aguacates,unit,0.275,0.25,0.2,0.5,,0.1666666667,0.25,0.5,0.25,,,,,,,,,,,,
Aguacates,value,,0.2597402597,,0.1298701299,,,0.1948051948,0.1298701299,,,,,,,,,,,,,
Ahí Verde,bag or sack,0.625,0.5,0.95,,,0.25,,0.5,0.25,,,,,,,,,,,,
Ahí Verde,gram,,,,,,,,,,0.003506172826,,,0.003030303075,,,,,,,0.003252815147,
Ahí Verde,ounce,,,,,,,,,,0.04166666667,0.05000000037,0.05,0.03125,,,,0.03125,0.03125,0.03437500075,0.03750000149,0.03125
Ahí Verde,package,,0.25,0.5,0.375,,,,0.5,0.4,,,,,,,,,,,,
Ahí Verde,pound,0.5,0.4,0.4,0.4,0.35,0.4,0.4,0.5,0.5,0.6000000238,0.6000000238,0.5,0.5,,0.4750000089,,0.5,0.5,0.5,0.5,0.5
Ahí Verde,unit,0.075,0.05,0.05,0.09666666667,0.01,0.085,0.2,0.05,0.05,,,,,,,,,,,,
Ahí Verde,value,,0.06493506494,,0.0974025974,,0.03246753247,0.03246753247,0.1298701299,,,,,,,,,,,,,
Ajo,bag or sack,0.725,0.5,0.625,0.5,1.4,0.49,0.7,0.67,0.775,,,,,,,,,,,,
Ajo,envelope,0.15,0.1,0.3,0.1,0.05,,,0.3,0.05,,,,,,,,,,,,
Ajo,gram,,,,,,,,,,0.003000000119,0.002386363682,0.0033333334,0.002192982456,,0.002272727363,,0.00227272729,0.002000000015,0.00303030303,0.002999999921,0.004166666667
Ajo,head,0.25,0.2,0.15,0.25,0.25,0.2,0.15,0.25,0.15,,,,,,,,,,,,
Ajo,ounce,,,,,,,,,,0.06696428472,0.05000000199,0.0625,0.0625,0.09615384968,0.05000000199,0.0625,0.0625,0.05000000199,0.05000000199,0.0625,0.05000000075
Ajo,package,,,,,,,,1.3,,,,,,,,,,,,,
Ajo,pound,1.8,1.45,1,1.2,1.5,1,1.1,1,1.333333333,0.8000000119,0.7009345451,0.75,0.8449999988,1.250000019,0.8000000119,,1,0.6999999881,0.75,0.6000000238,0.6000000238
Ajo,small envelope,0.1,0.05,0.1,0.1,0.05,0.25,0.1,0.1,0.05,,,,,,,,,,,,
Ajo,small package,,,,,,,,0.65,,,,,,,,,,,,,
Ajo,unit,,0.075,,,,,,,,,,,,,,,,,,,
Ajo,value,,0.06493506494,,0.1103896104,,0.03896103896,0.03246753247,0.08961038961,,,,,,,,,,,,,
Ajo,vial,,0.69,0.725,,,,,0.695,,,,,,,,,,,,,
Alimento Infantil,box or container,2.1,1.95,2.1,1.1875,2,1.2,,1.75,1.8,,,,,,,,,,,,
Alimento Infantil,can,2.5,3,2.25,,,2.4,6.375,3.045,4.91,,,,,,,,,,,,
Alimento Infantil,gram,,,,,,,,,,0.006299999952,0.006499999762,0.004424778761,0.004159292025,,,0.01,0.006750000119,0.005590627917,0.005808655928,0.005500000119,0.00445593908
Alimento Infantil,jar,,0.405,0.39,,,,0.45,0.45,,,,,,,,,,,,,
Alimento Infantil,large vial,,0.99,3.305,0.65,,,5,0.69,10.99,,,,,,,,,,,,
Alimento Infantil,medium vial,2.25,2.5,0.41,0.455,0.6666666667,,,0.6260714286,5,,,,,,,,,,,,
Alimento Infantil,milliliter,,,,,,,,,,0.004395218003,,0.004642032494,0.003870056586,,,,,,,0.004025423787,
Alimento Infantil,ounce,,,,,,,,,,0.1687499955,0.1133333345,0.112499997,,,,,,0.09749999642,0.1399999989,0.1125,0.1124999985
Alimento Infantil,pound,,0.5,,,,,,,,,4.200000127,,,,,,,,,2.049999952,
Alimento Infantil,small can,,2.633333333,,,,,,2.3,,,,,,,,,,,,,
Alimento Infantil,small vial,0.99,0.4272222222,0.41,0.4,0.475,0.5,0.5388888889,0.4175,0.4,,,,,,,,,,,,
Alimento Infantil,value,2.545454545,0.5558441558,,0.1909090909,,0.3896103896,0.6233766234,1.298701299,1.654545455,,,,,,,,,,,,
Alimento Infantil,vial,0.9,0.43,,0.65,,0.9166666667,0.4545454545,0.45,,,,,,,,,,,,,
Apio,bush,0.625,0.2,0.5,0.6,,,,0.8,0.25,,,,,,,,,,,,
Apio,gram,,,,,,,,,,0.004,0.00400000006,,,,,,,,,0.002202643172,
Apio,ounce,,,,,,,,,,0.05000000075,0.05,0.04374999925,0.0625,,0.0625,,0.0625,0.03750000149,0.05,0.0625,0.04208333356
Apio,package,,,0.7,,,,,0.645,,,,,,,,,,,,,
Apio,pound,0.55,0.5,0.6,0.5,0.8333333333,0.6,0.55,0.7,0.6,0.6000000238,0.525000006,0.6000000238,0.5,,0.4499999881,,0.6999999881,0.5,0.5454545553,0.6000000238,0.5400000215
Apio,slice or tea bag???,0.125,0.1,0.15,0.25,0.25,0.2,0.2,0.25,0.125,,,,,,,,,,,,
Apio,value,,0.06493506494,,0.06493506494,,0.03896103896,0.03246753247,0.06493506494,,,,,,,,,,,,,
Arroz,arroba,,,7.5,,,,7.5,,,,,,,,,,,,,,
Arroz,bag or sack,1,7.4375,,9,,1.5,,7.5,,,,,,,,,,,,,
Arroz,cuartillo,,0.35,,,,,,,,,,,,,,,,,,,
Arroz,gram,,,,,,,,,,0.000550000006,0.0005,,,,,0.0007608695307,,,,,
Arroz,ounce,,,,,,,,,,,0.01361111121,,,,0.01988636364,,0.01875,,,0.0212499996,0.0190625002
Arroz,pound,0.35,0.3,0.3,0.3,0.35,0.3,0.3,0.3,0.3,0.3,0.3,0.3,0.3,0.349999997,0.3,0.35,0.3125,0.3,0.3,0.3,0.3
Arroz,value,,,,1.168831169,,,,0.7532467532,,,,,,,,,,,,,
Arvejas,gram,,,,,,,,,,,,,,,,,,,,0.0008810572819,
Arvejas,ounce,,,,,,,,,,0.02083333333,0.03333333383,0.04583333433,,,,,,,0.03125,0.03583333393,
Arvejas,pound,0.7,0.6,0.525,0.61,0.8,0.5,0.5,0.6,0.5,0.6000000238,0.550000002,0.5,0.5500000119,,,,0.6000000238,0.5,0.5,0.5,0.474999994
Arvejas,value,,0.2116883117,,0.04545454545,,,0.1298701299,0.09090909091,,,,,,,,,,,,,
Azúcar,box or container,,,,,,,,2.45,,,,,,,,,,,,,
Azúcar,gram,,,,,,,,,,,,0.000550660793,,,,0.0006999999881,0.0006613756525,,,0.000725999999,
Azúcar,kilogram,,,,,,,,,,0.375,0.4728260864,,,,,,,,,,
Azúcar,ounce,,,,,,,,,,,,,,,,,,,,0.01791666696,0.01718749985
Azúcar,pound,0.4,0.3,0.3,0.31,0.3,0.31,0.31,0.31,0.3,0.3,0.2857142857,0.2700000048,0.3000000119,0.4,0.3000000119,0.3499999841,0.3000000119,0.2754999995,0.3,0.3,0.2700000008
Azúcar,value,0.6818181818,0.6525974026,,0.4155844156,,0.3727272727,1.168831169,0.3409090909,,,,,,,,,,,,,
Café Y Té,1/2 package,,,,,,0.15,,,,,,,,,,,,,,,
Café Y Té,box or container,1.5,1.35,0.85,1.06,,,1.225,1,0.45,,,,,,,,,,,,
Café Y Té,can,,,,,,,,3.75,,,,,,,,,,,,,
Café Y Té,cookie packet,0.15,0.1,0.15,0.15,0.15,0.15,0.15,0.15,0.1,,,,,,,,,,,,
Café Y Té,envelope,0.15,0.1,0.15,0.15,0.15,0.15,0.15,0.15,0.1,,,,,,,,,,,,
Café Y Té,gram,,,,,,,,,,0.004545454726,0.004545454545,0.006818181818,0.01333333304,0.009090909091,0.004545454726,0.005,0.006818181818,0.006818181818,0.006818181818,0.006818181818,0.005461729432
Café Y Té,jar,,3.3,2.49,3.11,,,,3.3,5.8,,,,,,,,,,,,
Café Y Té,medium envelope,,,,,0.15,,,,,,,,,,,,,,,,
Café Y Té,medium vial,,,,,,,3.15,1.8,,,,,,,,,,,,,
Café Y Té,ounce,,,,,,,,,,0.106250003,0.112499997,0.15,0.1612499952,,0.08125000199,,0.1333333353,0.150000006,0.15625,0.1556250006,0.07500000298
Café Y Té,package,1.1,1.1,1.15,0.68,,1.2,0.5,1.25,1.4,,,,,,,,,,,,
Café Y Té,package of 12 envelopes,1.8,1.2,1.7,1.725,1.8,1.625,1.75,1.765,1.2,,,,,,,,,,,,
Café Y Té,pound,1.77,1.75,1.6,2.285,1.775,2.31,2.4,1.95,1.5,1.25,1.399999976,1.700000048,1.649999976,,1.100000024,1,1.799999952,2.264999986,2.390000105,2.24000001,1.200000048
Café Y Té,slice or tea bag???,0.1375,0.1,0.05,0.02722222222,0.125,0.67,0.05,0.05,0.15,,,,,,,,,,,,
Café Y Té,small envelope,0.15,,,,,0.125,0.3,,,,,,,,,,,,,,
Café Y Té,unit,,1.2,,0.15,0.15,,,0.15,,,,,,,,,,,,,
Café Y Té,value,0.5714285714,0.3246753247,0.4545454545,0.1623376623,0.1298701299,0.2590909091,0.2077922078,0.3103896104,0.4025974026,,,,,,,,,,,,
Carne De Res,gram,,,,,,,,,,,,,,,,,,,,0.004189944134,
Carne De Res,medium package,,,,,,,3.5,1.951666667,,,,,,,,,,,,,
Carne De Res,medium tray,,,,,,,,1.76,,,,,,,,,,,,,
Carne De Res,ounce,,,,,,,,,,0.1059999943,0.09833333492,0.1111111111,0.1180555556,,,,0.08854166667,0.1055555556,0.1024305556,0.1131009463,0.1
Carne De Res,package,,1.7,,1.4,,,,2.053333333,2.25,,,,,,,,,,,,
Carne De Res,pound,1.6,1.7,1.5,1.75,1.25,1.52,1.5625,1.75,1.3,1.5,1.600000064,1.600000044,1.799999952,1.25,1.1,,1.5,1.550000032,1.599999973,1.799999952,1.5
Carne De Res,small package,,,,,,,,1.68,,,,,,,,,,,,,
Carne De Res,small tray,,,,,,,,1.89,,,,,,,,,,,,,
Carne De Res,tray,,3.95,1.65,,,,,3,,,,,,,,,,,,,
Carne De Res,value,,1.298701299,,1.201298701,,,1.688311688,1.402597403,,,,,,,,,,,,,
Carnes De Puerco,box or container,,,,,,,,3.5,,,,,,,,,,,,,
Carnes De Puerco,gram,,,,,,,,,,,0.003,,,,,,,,,0.004615384799,
Carnes De Puerco,head,,,,,,,,5,3.5,,,,,,,,,,,,
Carnes De Puerco,large package,,,,,,,,2.9,,,,,,,,,,,,,
Carnes De Puerco,large tray,,,,,,,,4.75,,,,,,,,,,,,,
Carnes De Puerco,medium package,,,,,,,2.6,,,,,,,,,,,,,,
Carnes De Puerco,medium tray,,,,,,,,2.5,,,,,,,,,,,,,
Carnes De Puerco,ounce,,,,,,,,,,0.125,0.108333336,,0.08333333333,,,,0.07916666567,0.08752735084,0.09459459459,0.1034482759,
Carnes De Puerco,package,,,,1.5,,,,3,,,,,,,,,,,,,
Carnes De Puerco,pound,1.25,1.3,1.5,1.3,1,1.325,1.4,1.8,1.014285714,1.395348775,1.25,1.25,1.25,1,0.8999999762,1.875,1.25,1.25,1.3625,1.511666675,1.200000048
Carnes De Puerco,tray,,,,,,,,2.58,,,,,,,,,,,,,
Carnes De Puerco,value,,0.7662337662,,0.6493506494,,,0.5194805195,0.7792207792,,,,,,,,,,,,,
Cebolla,bag or sack,0.825,0.5,1,1,,,,1,1,,,,,,,,,,,,
Cebolla,gram,,,,,,,,,,0.001369863014,,,,,,0.002500000037,,,,0.001175141243,0.0008333333333
Cebolla,kilogram,,,,,,,,,,,0.900000006,,,,,,,,,,
Cebolla,ounce,,,,,,,,,,0.03749999901,0.03333333383,0.03750000149,0.03750000149,0.0625,0.01666666733,0.03750000149,0.05000000075,0.03312499821,0.03750000149,0.03750000149,0.03125
Cebolla,package,,0.9,1,0.625,,,,0.98,,,,,,,,,,,,,
Cebolla,pound,0.55,0.4,0.5,0.5,0.6,0.4,0.5,0.5,0.5,0.5,0.5,0.5,0.5,0.6000000238,0.5,0.6000000238,0.6000000238,0.5,0.5,0.5,0.5
Cebolla,unit,,0.1,0.1714285714,0.2,0.15,0.25,0.15,0.15,0.1,,,,,,,,,,,,
Cebolla,value,0.2597402597,0.1298701299,0.02597402597,0.1298701299,,0.03896103896,0.08441558442,0.1818181818,0.02597402597,,,,,,,,,,,,
Cereales Y Cremas,can,1.5,,,1.5,,2.63,,1.45,,,,,,,,,,,,,
Cereales Y Cremas,envelope,,,,,0.25,,,0.2,,,,,,,,,,,,,
Cereales Y Cremas,giant box,,2.625,3.37,2.93,,2.58,1.42,2.97,,,,,,,,,,,,,
Cereales Y Cremas,gram,,,,,,,,,,0.003112718294,0.0030980393,0.003142857242,0.005,0.002500000099,0.002,0.004375000037,0.003,0.002527075769,0.002500000099,0.003776041791,0.002500000037
Cereales Y Cremas,jar,0.85,1.45,2.1,1.5,1.4,,1.85,1.39,,,,,,,,,,,,,
Cereales Y Cremas,large box,2.4,2.066666667,1.85,1.95,1.975,2.3,2.325,1.99,1.965,,,,,,,,,,,,
Cereales Y Cremas,large envelope,0.6,0.45,0.59,0.495,0.4333333333,0.59,0.59,0.59,0.485,,,,,,,,,,,,
Cereales Y Cremas,ounce,,,,,,,,,,0.08611110846,0.07611111138,0.1,0.02819444405,,0.02500000037,0.05,0.07499999901,0.07847222106,0.1027777779,0.108333336,0.06847256741
Cereales Y Cremas,pound,0.45,0.425,0.59,0.47,1.1,0.5,0.5,0.46,0.59,0.6000000238,0.5899999738,0.3850000054,0.3700000048,,0.75,,1,0.5899999738,0.5899999738,0.5899999738,0.5216666659
Cereales Y Cremas,small box,1.475,1.45,1.5,1.39,1.25,1.3,1.125,1.25,1.72,,,,,,,,,,,,
Cereales Y Cremas,small envelope,0.1,0.1,0.1,0.1,0.1,0.1,0.1,0.1,0.1,,,,,,,,,,,,
Cereales Y Cremas,value,0.8636363636,0.424025974,0.4571428571,0.4772727273,0.3896103896,0.3896103896,0.3857142857,0.5194805195,0.4642857143,,,,,,,,,,,,
Cervezas,bag or sack,,,,,,,0.3333333333,,,,,,,,,,,,,,
Cervezas,bottle,0.5,0.5,0.675,0.5,0.5,0.4,0.35,0.7,0.45,,,,,,,,,,,,
Cervezas,box or container,7.333333333,8.8,8,7.2,12,7.45,9.6,8,9.6,,,,,,,,,,,,
Cervezas,can,0.6,0.5,0.425,0.5,0.5,0.5,0.4166666667,0.425,0.4,,,,,,,,,,,,
Cervezas,cookie packet,,,,,0.15,,,,,,,,,,,,,,,,
Cervezas,liter,,,,,,,,,,,,1.169590658,,,,,,,,0.7941176471,
Cervezas,milliliter,,,,,,,,,,0.001581418335,0.001070422522,0.001403508793,0.001093140781,,,0.001403508772,0.001694915254,0.001403508828,0.001578947361,0.00122807012,0.001578947327
Cervezas,ounce,,,,,,,,,,0.04166666667,0.02916666617,0.04166666667,0.04,0.04166666667,0.04031250005,0.05,0.05,0.03999999894,0.04000000159,0.03083333373,0.04083333413
Cervezas,pint,0.5,0.45,0.4,0.3888888889,0.5,0.3333333333,0.45,0.35,0.4,,,,,,,,,,,,
Cervezas,pound,,,,,,,,2,,,,,,,,,,,,,
Cervezas,unit,0.25,0.7,0.5,0.4688888889,,0.45,0.35,0.35,0.5,,,,,,,,,,,,
Cervezas,value,,0.8441558442,0.6493506494,0.5519480519,,0.9090909091,1.038961039,0.7792207792,,,,,,,,,,,,,
Chocolates,gram,,,,,,,,,,0.0075,0.008166666826,0.008549528358,0.0075,,0.006791666647,0.007599999905,0.0088339225,0.006250000248,0.006086956697,0.008517887453,0.005980392107
Chocolates,ounce,,,,,,,,,,0.1571428549,0.25,0.07291666667,0.03770688074,,,,0.1603864754,0.1666666667,0.2000000079,0.1644144133,0.1683333357
Chocolates,pound,,,,,,,,,,5.800000191,1.350000024,,,,1.5,1,,,1.5,1.125,2.900000095
Cigarrillo Y Tabaco,1/2 package,0.7,0.5,0.55,0.5,0.55,0.58,0.6,0.6,0.5,,,,,,,,,,,,
Cigarrillo Y Tabaco,gram,,,,,,,,,,0.1666666667,0.1666666667,0.1666666667,0.1666666667,0.16666666,0.2083333333,0.1666666667,0.1666666667,0.1666666667,0.1666666667,0.1666666667,0.1666666667
Cigarrillo Y Tabaco,ounce,,,,,,,,,,0.1249999975,0.125,,,,0.125,,0.1249999963,0.125,0.1249999981,0.125,0.1249999981
Cigarrillo Y Tabaco,package,1.2,1,1,1,1,1,1.1,1,1.2,,,,,,,,,,,,
Cigarrillo Y Tabaco,pound,5.125,0.25,0.9166666667,,,1,3,5.5,3,,,,,,,,,,,,
Cigarrillo Y Tabaco,unit,0.1,0.1,0.06,0.1,0.08333333333,0.5,0.105,0.1,0.1,,,,,,,,,,,,
Cigarrillo Y Tabaco,value,,0.08116883117,0.6493506494,0.2272727273,,0.974025974,0.2337662338,0.4480519481,0.2857142857,,,,,,,,,,,,
Cocos (Pipas),arroba,,,,,,,,0.2,,,,,,,,,,,,,
Cocos (Pipas),gram,,,,,,,,,,,,,,,,0.001923076923,,,,0.0007342143906,
Cocos (Pipas),ounce,,,,,,,,,,0.009259259259,0.008214285863,0.01145833333,0.01041666667,,,,,,,0.0149616367,
Cocos (Pipas),package,,,0.4,0.25,,,,0.7,,,,,,,,,,,,,
Cocos (Pipas),pound,,,0.5,0.75,,,0.25,0.6,,0.125,0.1136363612,0.08333333383,0.5,,0.07500000298,0.0400000003,0.07999999987,0.125,0.06249999586,0.200000003,
Cocos (Pipas),unit,0.25,0.25,0.2,0.25,0.25,0.1,0.1625,0.35,0.125,,,,,,,,,,,,
Cocos (Pipas),value,,,,0.1298701299,,,,0.1298701299,,,,,,,,,,,,,
Condimentos,envelope,,,,,,0.1214285714,,0.875,,,,,,,,,,,,,
Condimentos,gram,,,,,,,,,,0.01339285739,0.01428571485,0.01,0.0142857145,,0.01000000015,,0.0100000004,0.01,0.01000000004,0.01,0.01
Condimentos,jar,,,,,,,,0.9,,,,,,,,,,,,,
Condimentos,large bay,,,2.5,,,,,,,,,,,,,,,,,,
Condimentos,large envelope,1.2,1,0.74,0.5,,,,0.735,0.75,,,,,,,,,,,,
Condimentos,medium envelope,0.1,0.25,0.25,0.25,,0.25,,0.25,0.25,,,,,,,,,,,,
Condimentos,ounce,,,,,,,,,,0.4499999881,0.400000006,0.3333333172,0.6999999881,,,,,0.3500000089,0.4525000006,0.4499999881,0.05000000075
Condimentos,package,,,,,,,,0.25,,,,,,,,,,,,,
Condimentos,pound,,0.25,,,,,,,1.166666667,1.6,1.6,1.600000024,1.6,,1.600000024,,1.6,1.600000024,1.600000024,1.6,1.600000024
Condimentos,small bar,,,,,,,,0.35,,,,,,,,,,,,,
Condimentos,small can,,0.45,,,,,,0.45,0.45,,,,,,,,,,,,
Condimentos,small envelope,0.1,0.1,0.1,0.1,0.1,0.1,0.1,0.1,0.1,,,,,,,,,,,,
Condimentos,small vial,,,,,,,,0.4133333333,,,,,,,,,,,,,
Condimentos,unit,,,0.2025,,,0.2,0.1,0.1,0.05,,,,,,,,,,,,
Condimentos,value,0.3896103896,0.08441558442,0.1454545455,0.1298701299,0.0974025974,0.1298701299,0.07142857143,0.1948051948,0.2077922078,,,,,,,,,,,,
"Culanto, Perejil, Cebollina",bundle,,,,,,,,3,,,,,,,,,,,,,
"Culanto, Perejil, Cebollina",bush,0.15,0.1,0.15,0.425,,,0.25,0.25,0.1,,,,,,,,,,,,
"Culanto, Perejil, Cebollina",gram,,,,,,,,,,0.01,0.005,0.01,0.01,,0.004999999817,,0.01666666733,0.01,0.01666666692,0.01,0.0125
"Culanto, Perejil, Cebollina",ounce,,,,,,,,,,,,0.05000000075,0.05625000037,,,,,,0.08333333333,0.0625,
"Culanto, Perejil, Cebollina",pound,,0.4,0.4166666667,0.6,,,0.5,0.75,0.3,1,0.8,1,1,,0.6000000238,,1,0.8000000119,0.8000000318,1,1
"Culanto, Perejil, Cebollina",slice or tea bag???,0.1125,0.1,0.1,0.225,0.1,0.075,0.2,0.15,0.05,,,,,,,,,,,,
"Culanto, Perejil, Cebollina",unit,,,,,,0.1,,,,,,,,,,,,,,,
"Culanto, Perejil, Cebollina",value,,0.06493506494,0.1298701299,0.06493506494,,0.05194805195,0.06493506494,0.1298701299,0.1006493506,,,,,,,,,,,,
"Culanto, Perejil, Cebollina",wrappers,,0.1,0.25,0.25,,0.25,0.25,0.25,0.2,,,,,,,,,,,,
Embutidos,box or container,,,,,,,,,6.99,,,,,,,,,,,,
Embutidos,gram,,,,,,,,,,0.004326923153,0.003420036298,0.005586679169,0.004198971963,,0.004312668528,,0.004324324389,0.003333333333,0.003333333333,0.003404436964,0.003303964758
Embutidos,large package,1.95,1.47,1.75,5.76,,,1.575,2,,,,,,,,,,,,,
Embutidos,medium package,1.95,1.7,1.85,0.94,,,1.925,1.7,1.55,,,,,,,,,,,,
Embutidos,medium tray,,,1.47,,,,,3.375,,,,,,,,,,,,,
Embutidos,ounce,,,,,,,,,,0.075,0.06249999907,0.07499999801,0.09374999647,0.05,0.06666666518,0.04000000159,0.09999999915,0.06666666849,0.05000000088,0.09765625,0.05
Embutidos,package,1.95,1.5,1.8,1.05,2,1.125,1.77,1.55,1.75,,,,,,,,,,,,
Embutidos,pound,1.375,1.5,1.725,1.73,1.65,2,1.31,1.776388889,1.525,1.299999952,1.299999952,1.100000024,1.390000025,1.25,,1.500000012,1.25,1.333333333,1.399999976,1.399999976,1.5
Embutidos,slice or tea bag???,0.55,0.1,0.1,0.1,0.1,0.2,,0.1,0.1,,,,,,,,,,,,
Embutidos,small package,1.665,1.4,1.185,1.05,,1.52,1.45,1.35,0.85,,,,,,,,,,,,
Embutidos,small tray,,,,,,,1.7,,,,,,,,,,,,,,
Embutidos,tray,,,,,,,,2.1,,,,,,,,,,,,,
Embutidos,unit,0.1,0.1,0.1,0.175,0.15,0.1,0.15,0.15,0.1,,,,,,,,,,,,
Embutidos,value,0.8863636364,0.3896103896,0.6363636364,0.6493506494,0.05194805195,0.5194805195,0.3896103896,0.6493506494,0.8051948052,,,,,,,,,,,,
Enlatados Y Envasados,can,0.8,0.85,0.79,1.05,,0.84,0.8,0.885,0.635,,,,,,,,,,,,
Enlatados Y Envasados,gram,,,,,,,,,,0.002592535204,0.002286592736,0.002025462952,0.002620967646,,0.002288556467,0.002911779951,0.003051847587,0.001851851879,0.002096774117,0.002089552187,0.002117647003
Enlatados Y Envasados,large can,,1,0.8,1.05,1.25,0.835,1.345,1,1.111666667,,,,,,,,,,,,
Enlatados Y Envasados,medium can,1.8,1.08,0.75,1.15,0.8,0.5,0.75,0.79,0.72,,,,,,,,,,,,
Enlatados Y Envasados,ounce,,,,,,,,,,0.06875000149,0.04596825252,0.05569518776,0.05926829431,,,0.08000000318,0.09743589621,0.04545454545,0.05267045376,0.05116883191,0.05817584307
Enlatados Y Envasados,pound,,,,,,,,,,,,,,,,,,,,0.8424999913,
Enlatados Y Envasados,small can,0.95,0.65,0.745,0.785,0.9,0.66,0.6,0.65,0.66,,,,,,,,,,,,
Enlatados Y Envasados,value,,0.1688311688,0.2954545455,0.2564935065,,0.2311688312,0.2467532468,0.3246753247,,,,,,,,,,,,,
Frijoles,cuartillo,,4,,,,,,0.25,,,,,,,,,,,,,
Frijoles,gram,,,,,,,,,,,0.001545253837,,,,,,,0.001268498993,,0.001156387678,
Frijoles,ounce,,,,,,,,,,0.04062499851,0.03750000149,0.02500000099,,,,,0.0625,0.04583333433,0.03125,0.03750000149,0.03750000149
Frijoles,package,,,,,,,,1.29,,,,,,,,,,,,,
Frijoles,pound,0.65,0.5,0.5,0.7,0.3,0.5,0.55,0.6,0.5,0.6999999881,0.5,0.5,0.6000000238,,0.5,,0.5,0.5,0.5,0.6000000238,0.5
Frijoles,value,,0.3084415584,,0.06493506494,,,0.2597402597,0.275974026,,,,,,,,,,,,,
Galletas / Pasteles Y Dulces,bag or sack,1.65,1.3,,,,,,1,,,,,,,,,,,,,
Galletas / Pasteles Y Dulces,box or container,1.45,1.2,,2.25,,,2.5,1.25,1.2,,,,,,,,,,,,
Galletas / Pasteles Y Dulces,can,,,6,,,,,5.42,,,,,,,,,,,,,
Galletas / Pasteles Y Dulces,cookie packet,0.15,0.1,0.1,0.1,0.1,0.1,0.1,0.1,0.1,,,,,,,,,,,,
Galletas / Pasteles Y Dulces,gram,,,,,,,,,,0.003472222222,0.003142857211,0.003125000047,0.003142857211,0.004687499787,0.003125000047,0.003636363636,0.003576759204,0.003142857211,0.003125000124,0.003142857211,0.003125000047
Galletas / Pasteles Y Dulces,large cake,1.35,0.55,,,,,,10,,,,,,,,,,,,,
Galletas / Pasteles Y Dulces,medium cake,,7.25,,,,,,8,,,,,,,,,,,,,
Galletas / Pasteles Y Dulces,ounce,,,,,,,,,,0.125,0.06597222084,0.09838710217,0.1,,0.09166666865,0.066666666,0.09838710093,0.09182843231,0.06934523866,0.0999999983,0.08849557124
Galletas / Pasteles Y Dulces,package,1.175,1,0.6333333333,1,1.25,0.65,0.5,0.7133333333,1,,,,,,,,,,,,
Galletas / Pasteles Y Dulces,pound,,,,,,,,1.08,,2.87499994,1,2.666666667,,,1.5,,,,3,1.6,
Galletas / Pasteles Y Dulces,small cake,0.1,,4.5,6,,2,,1.85,,,,,,,,,,,,,
Galletas / Pasteles Y Dulces,unit,0.1571428571,0.1,0.1,0.1,0.1,0.1,0.1,0.1,0.115625,,,,,,,,,,,,
Galletas / Pasteles Y Dulces,value,1.038961039,0.1948051948,0.3103896104,0.237012987,0.1948051948,0.2597402597,0.2597402597,0.5194805195,0.2207792208,,,,,,,,,,,,
Gelatinas,gram,,,,,,,,,,0.004411764706,0.004117646989,0.004705882423,0.004117646989,,,,0.004558823564,0.004235294286,0.004058823515,0.004117646989,0.004000000042
Gelatinas,milliliter,,,,,,,,,,,,,,,,,,0.004499999881,0.004499999881,0.005,0.004499999881
Gelatinas,ounce,,,,,,,,,,0.1139999986,0.1141666671,0.100000004,0.06666666932,,0.05000000199,,0.07500000298,0.06000000238,0.08277777389,0.1129166666,0.12333333
Gelatinas,pound,,,,,,,,,,0.6874999851,1.549999952,,,,,,,1.600000024,1.280000031,1.290000021,1.450000048
Guineos (Bananos),box or container,0.5,1.25,,,,,,7,,,,,,,,,,,,,
Guineos (Bananos),gram,,,,,,,,,,,0.0002051282082,,,,,,,,,,
Guineos (Bananos),head,1,1.75,0.875,1,,,0.25,,,,,,,,,,,,,,
Guineos (Bananos),ounce,,,,,,,,,,0.005,0.004166666729,0.0125,0.002976190476,,0.003333333333,0.004,0.00625,0.008333333333,0.008333333458,0.008333333333,0.008333333333
Guineos (Bananos),pound,,0.1,0.05,0.15,,0.15,,0.1,,0.02380952381,0.1,0.1000000027,0.149999996,,0.03333333333,0.25,0.1,0.150000006,0.1000000015,0.1000000015,0.1000000015
Guineos (Bananos),unit,0.025,0.025,0.05,0.03333333333,0.0375,0.05,0.05,0.05,0.05,,,,,,,,,,,,
Guineos (Bananos),value,,0.07792207792,,0.06493506494,,0.01948051948,0.06493506494,0.1298701299,,,,,,,,,,,,,
Harina De Trigo,gram,,,,,,,,,,,,0.0006750000268,,,,,0.000750000005,0.001857142789,0.001999999955,0.00100000004,0.0007938258309
Harina De Trigo,ounce,,,,,,,,,,0.02142857228,0.02142857228,0.03333333277,,,0.02142857228,,0.028571429,0.03749999901,0.02857142793,0.02678571429,
Harina De Trigo,pound,0.3,0.3,0.3,0.3133333333,0.3,0.3,0.3,0.318,0.3,0.3000000119,0.3000000119,0.349999994,0.3000000119,0.349999994,0.3000000119,0.324999993,0.349999994,0.3000000119,0.3399999986,0.3499999891,0.3000000119
Harina De Trigo,puff pastry package,,0.6,,,,,,0.95,,,,,,,,,,,,,
Harina De Trigo,value,,0.0974025974,,0.1298701299,0.4675324675,0.1038961039,0.2025974026,0.1558441558,,,,,,,,,,,,,
Helados,gallon,,,,,,,,,,6.300000191,5.400000095,6.199999809,5.189999819,,,,6.549999952,5.800000191,6.199999809,5.5,5.649999857
Helados,gram,,,,,,,,,,,0.002142857143,0.00237592397,0.001455026455,,,,,,,0.002980000019,
Helados,liter,,,,,,,,,,1.66666673,1.587346037,1.868421051,1.526315859,,,,1.58242831,1.736842102,1.553362603,1.560846598,1.296296331
Helados,milliliter,,,,,,,,,,0.00179704022,0.001638477814,0.001691331949,0.001638477814,,0.001479915408,,0.002956039718,0.001691331949,0.001691331949,0.001691331949,0.001578947368
Helados,ounce,,,,,,,,,,0.06000000238,0.05500000119,0.05,0.05,,0.05,0.0625,0.05,0.05,0.05,0.05,0.05
Huevos De Gallina,30 units,,1.38,,3,,,,1.93,,,,,,,,,,,,,
Huevos De Gallina,dozen,1.5,1.2,1.2,1.2,1.65,1.2,1,1.2,1.2,,,,,,,,,,,,
Huevos De Gallina,gram,,,,,,,,,,0.002000000079,0.002000000079,0.001762114607,0.001762114537,0.0025,0.002000000079,0.0025,0.002232142857,,0.001752192943,0.001916666627,0.002000000079
Huevos De Gallina,ounce,,,,,,,,,,0.03333333466,0.03333333466,0.05000000075,0.04583333433,0.04999999773,0.05000000137,0.03125,0.04166666667,0.04166666501,0.03333333466,0.04916666448,0.03333333466
Huevos De Gallina,unit,0.15,0.1,0.1,0.1,0.1,0.1,0.1,0.1,0.1,,,,,,,,,,,,
Huevos De Gallina,value,,0.4551948052,,,,,,0.2597402597,,,,,,,,,,,,,
Lecha Evaporada,can,,0.495,,,,,,,,,,,,,,,,,,,
Lecha Evaporada,gram,,,,,,,,,,0.002058823436,0.001941176489,0.002058823436,0.002031372482,0.002058823494,0.002058823494,0.002058823494,0.002352941176,0.001941176489,0.002058823436,0.00184210518,0.001966386545
Lecha Evaporada,large can,0.68,0.66,0.64,0.65,0.7,0.65,0.65,0.65,0.645,,,,,,,,,,,,
Lecha Evaporada,milliliter,,,,,,,,,,0.001424242366,,,0.001575000018,,,,,,0.001908396947,0.001882352969,
Lecha Evaporada,ounce,,,,,,,,,,,0.06166666879,0.04285714286,,,,,,,,,
Lecha Evaporada,small can,0.35,0.35,0.35,0.35,0.35,0.35,0.35,0.35,0.35,,,,,,,,,,,,
Lecha Evaporada,value,,0.3246753247,0.2532467532,0.3409090909,0.6233766234,,0.4363636364,0.5123376623,,,,,,,,,,,,,
Leche En Polvo,can,4.75,,3.74,,2.52,5.5,3.25,5,5,,,,,,,,,,,,
Leche En Polvo,envelope,,2.05,0.5,0.485,,,0.8,0.5,0.5,,,,,,,,,,,,
Leche En Polvo,gram,,,,,,,,,,0.00625,0.00602777799,0.005749999881,0.006000000119,,0.00625,0.00625,0.006374999881,0.0059375,0.006040277779,0.006072007388,0.005749999881
Leche En Polvo,kilogram,,,,,,,,,,4.883333291,4.166666777,,6.050000351,,,,,5.866667055,5.216666996,5.916666611,5.833333488
Leche En Polvo,large can,5.55,5.35,6,10.25,,6,5.4,8.3,5.25,,,,,,,,,,,,
Leche En Polvo,medium can,2.95,5.22,5.25,5.35,,5.165,5,5.15,5.25,,,,,,,,,,,,
Leche En Polvo,ounce,,,,,,,,,,,,0.1156250015,,,,,,,0.1633333365,0.1374621193,0.06125000119
Leche En Polvo,pound,,1247.380501,1.14875,23.04745965,,,,2.359381486,2.25,1.25,2.299999952,2.274999976,3.049999952,,,,,2.953388344,2.349999905,2.320000076,2.25
Leche En Polvo,small can,2.425,2.3,2.3,2.35,2.5,2.3,2.275,2.35,2.285,,,,,,,,,,,,
Leche En Polvo,value,1.037662338,0.7792207792,1.006493506,0.6818181818,,3.246753247,0.7402597403,1.341558442,0.9415584416,,,,,,,,,,,,
Leche Líquida,1/2 gallon,,1.7,1.5,1.5,,1,,1.6,1.6,,,,,,,,,,,,
Leche Líquida,1/3 milk,0.225,0.25,0.25,0.25,0.4,0.25,0.25,0.25,0.25,,,,,,,,,,,,
Leche Líquida,bottle,,0.25,,,0.25,0.25,0.25,0.685,2.25,,,,,,,,,,,,
Leche Líquida,gallon,2,1.7,1.935,2.12,,3.2,1.425,1.9,2.85,3.309999943,2.750000048,2.799999873,2.995000005,,3.799999952,,,2.850000024,2,2.900000095,3.050000072
Leche Líquida,large can,,0.61,0.5483333333,0.6,,0.98,0.965,0.6,,,,,,,,,,,,,
Leche Líquida,liter,1,0.61,0.7,0.75,1.25,0.65,0.75,0.7,0.61,1,0.6499999762,0.6999999881,0.7,,,,0.75,0.6499999762,0.6999999881,0.6999999881,0.6100000143
Leche Líquida,milliliter,,,,,,,,,,0.001004228304,0.0006863780527,0.001054852321,0.0009157509158,,0.0008756166449,,0.000951374182,0.0009704641317,0.001054852321,0.0007399577351,0.0007928118393
Leche Líquida,ounce,,,,,,,,,,0.0234374996,0.02187500056,0.02968749901,0.02878787843,,,,0.02317708333,0.0306250006,0.02812499925,0.02781249881,0.02187499901
Leche Líquida,small can,0.4,0.35,0.32,,0.4,0.35,0.33,0.34,1.325,,,,,,,,,,,,
Leche Líquida,value,1.038961039,0.487012987,0.6363636364,0.512987013,,0.6493506494,0.3246753247,0.5032467532,0.6194805195,,,,,,,,,,,,
Lechuga,bag or sack,,,,,,,,0.4233333333,0.92,,,,,,,,,,,,
Lechuga,gram,,,,,,,,,,,,,0.001101321586,,,,,,,,
Lechuga,ounce,,,,,,,,,,0.03750000149,0.02967033011,0.04166666667,0.04687499963,,,,0.05937500112,0.03999999985,0.04522727209,0.03953124955,0.0343749995
Lechuga,package,,,,,,,,0.6,,,,,,,,,,,,,
Lechuga,pound,0.6,0.45,0.6,0.75,0.4,0.6,0.6,0.6,0.5,0.5999999841,0.4000000159,0.6000000238,0.6000000238,,,,0.6999999682,0.5,0.6000000238,0.6000000238,0.5700000028
Lechuga,unit,0.6,0.5,0.7,0.5,,0.55,1.35,0.6,0.4,,,,,,,,,,,,
Lechuga,value,,0.1948051948,,0.1006493506,,0.06493506494,0.1266233766,0.1103896104,,,,,,,,,,,,,
Lentejas,arroba,,,,,,,,0.75,,,,,,,,,,,,,
Lentejas,gram,,,,,,,,,,,,,,,,0.001086956522,,,,0.001315042751,
Lentejas,ounce,,,,,,,,,,0.04875000194,0.03750000149,0.03750000025,0.04374999925,,,0.04816176545,0.04843750037,0.03437500075,0.03750000149,0.03750000149,0.03125
Lentejas,package,,,,,,,,1.29,,,,,,,,,,,,,
Lentejas,pound,0.8,0.6,0.65,0.8,0.85,0.7,0.7,0.7,0.65,0.6000000238,0.6000000238,0.6,0.5899999738,0.8000000119,0.6000000238,0.6000000238,0.6999999881,0.6000000238,0.6000000238,0.6000000238,0.5699999928
Lentejas,value,,0.1948051948,,0.1168831169,,,0.2727272727,0.1753246753,,,,,,,,,,,,,
Licores Varios,1/2 gallon,,5,,7,,,,7.575,0.25,,,,,,,,,,,,
Licores Varios,1/4 baby bottle,,,2.5,1.6,2.25,,3.75,1.5,,,,,,,,,,,,,
Licores Varios,bottle,5,4.5,4.5,3.25,6,5,5.375,4.5,2.745,,,,,,,,,,,,
Licores Varios,gallon,,,,,,,,,,,,,,,,,,14,,12.0250001,18
Licores Varios,liter,,,5,4.5,,,,4.525,,5.5,6.5,,3.75,,6,,,5.25,3.458333333,5.5,5.25
Licores Varios,milliliter,,,,,,,,,,0.006,0.005968169761,0.006333333333,0.006133333206,,,,0.005895604396,0.006,0.007599999746,0.006,0.006666666667
Licores Varios,ounce,,,,,,,,,,0.1041666667,,,,,,,0.5217391304,,0.2250489304,0.150000001,0.1363036492
Licores Varios,unit,,,,,0.08333333333,,,,,,,,,,,,,,,,
Licores Varios,value,,0.4532467532,,1.168831169,2.597402597,1.038961039,0.9285714286,0.7792207792,1.246753247,,,,,,,,,,,,
Limones,bag or sack,1,0.4,0.375,0.75,,,,0.5,0.5,,,,,,,,,,,,
Limones,gram,,,,,,,,,,0.0005952380952,,,0.000637755102,,,0.0008928571429,,,0.0008928571429,0.0008928571429,
Limones,ounce,,,,,,,,,,0.025,0.01666666679,0.03571428571,0.01785714286,,0.03125,0.025,0.025,0.03170289878,0.025,0.025,0.02041666706
Limones,package,,0.5,0.5,0.625,,,0.5,1,,,,,,,,,,,,,
Limones,pound,,,0.5,0.5,,,,0.375,,,0.450000003,0.25,1,,,,0.575,,0.25,0.5,
Limones,unit,0.04166666667,0.04166666667,0.03571428571,0.05,0.01666666667,0.0380952381,0.03125,0.05,0.025,,,,,,,,,,,,
Limones,value,,0.03571428571,,0.06493506494,,,0.1298701299,0.06493506494,,,,,,,,,,,,,
Mangos,bag or sack,1,1,,1,,,,1,,,,,,,,,,,,,
Mangos,gram,,,,,,,,,,,,,0.0002202643172,,,,,,,0.0006975036711,
Mangos,ounce,,,,,,,,,,,0.01458333391,,0.00625,,,,,,0.0125,0.015625,
Mangos,package,1,0.5,,,,0.25,,1,,,,,,,,,,,,,
Mangos,pound,,,,,,,,0.05,,,,,,,,,,,,0.1666666667,
Mangos,unit,0.1666666667,0.1,0.05,0.06666666667,,0.075,,0.0625,0.08166666667,,,,,,,,,,,,
Mangos,value,,0.2597402597,,0.0974025974,,,,0.1136363636,,,,,,,,,,,,,
Manteca,gallon,,,,,,,,,,,,,,,,,,,2.5,,
Manteca,gram,,,,,,,,,,0.001411764674,0.002173913043,0.002058823494,0.001630434783,,0.001413043513,,,0.003086956493,,0.00119047619,0.001470588235
Manteca,liter,,,,,,,,,,,1.649999976,,,,,,,1.25,1.416666694,,
Manteca,milliliter,,,,,,,,,,,,,,,,,,0.001319261214,0.002,,
Manteca,ounce,,,,,,,,,,,,,,,0.03913894442,,,,,0.03645833358,0.03749999901
Manteca,pound,,,,,,,,,,0.6849999925,0.6499999762,2.799999952,0.25,,,,,0.4250000119,,0.5,0.5
Mantequilla,gram,,,,,,,,,,0.0075,0.002103752759,0.0028125,0.007375000119,,,,,0.002949999869,0.003149999976,0.003249999881,0.002212389381
Mantequilla,ounce,,,,,,,,,,0.125,0.125,0.0625,0.0625,,0.0625,0.03229166692,0.07500000298,0.0625,0.0625,0.0625,0.0625
Mantequilla,pound,,,,,,,,,,1.349999964,1.100000024,1,1,,1,1.700000048,1.125,1,2,1,1.100000024
Manzanas,bag or sack,,1,1,,1,,,1,,,,,,,,,,,,,
Manzanas,gram,,,,,,,,,,,0.001488095238,0.001488095238,0.001488095238,,,,,0.001488095238,0.001488095238,0.001321585956,0.001428571429
Manzanas,ounce,,,,,,,,,,0.04285714172,0.05,0.04083333333,0.04166666667,0.05,0.05,,0.03571428571,0.04166666667,0.04166666667,0.04166666667,0.04166666667
Manzanas,package,,,1,0.75,,1,1,1,,,,,,,,,,,,,
Manzanas,pound,,,,,,,,0.625,,1,0.6,1,,,,,0.8125,,,0.5,0.5785714445
Manzanas,unit,0.25,0.25,0.25,0.25,0.25,0.25,0.25,0.25,0.25,,,,,,,,,,,,
Manzanas,value,,0.1623376623,,,,,0.4545454545,0.1298701299,,,,,,,,,,,,,
Margarina,gram,,,,,,,,,,0.003699999899,0.003035320088,0.00287499999,0.002987499982,,0.00200000003,,,0.002800000012,0.002312775225,0.003100000024,0.0025
Margarina,milliliter,,,,,,,,,,,,,,,,,,,,0.002061310833,
Margarina,ounce,,,,,,,,,,0.0625,0.0625,0.0625,0.0625,,,,0.07500000298,0.0625,0.0625,0.0625,0.0625
Margarina,pound,1.4,1,1,1,1.6,1,1,1,1,1,0.9900000095,1,1,,,,1,1,1,1,1
Margarina,slice or tea bag???,,0.1,0.1,0.15,0.1,0.15,0.1,0.1,0.1,,,,,,,,,,,,
Margarina,value,0.2272727273,0.1298701299,0.1298701299,0.07792207792,,0.1298701299,0.1525974026,0.1883116883,0.1818181818,,,,,,,,,,,,
Mariscos,dozen,,,,,,,,0.5,0.25,,,,,,,,,,,,
Mariscos,gram,,,,,,,,,,0.003538461465,,,,,,,,,,0.004456599777,
Mariscos,large tray,,,,,,,,1.855,,,,,,,,,,,,,
Mariscos,medium package,,,,,,,,3.945,,,,,,,,,,,,,
Mariscos,medium tray,,,,,,,,3.5,,,,,,,,,,,,,
Mariscos,ounce,,,,,,,,,,,0.08854166667,,0.02727272655,,,,,0.25,,0.1978125051,0.09375
Mariscos,package,3.75,,,3.85,,,,2.5,,,,,,,,,,,,,
Mariscos,pound,2.375,2.5,1.291666667,2.5,0.5,1.125,1.25,1.956666667,1.55,2.570833365,2.25,1.2,2.5,,,0.55,1,1.5,2,2,1.416666667
Mariscos,small package,,,,,,,,1.79,,,,,,,,,,,,,
Mariscos,small tray,,2.57,,,,,,2,,,,,,,,,,,,,
Mariscos,tray,3.95,6.93,,,,,,,,,,,,,,,,,,,
Mariscos,unit,,,,0.1,,,,,,,,,,,,,,,,,
Mariscos,value,,1.558441558,2.077922078,1.038961039,,,0.2597402597,0.9090909091,,,,,,,,,,,,,
Mayonesa,envelope,0.35,0.35,0.325,0.375,,0.35,0.325,0.35,,,,,,,,,,,,,
Mayonesa,gram,,,,,,,,,,0.006144049631,0.005914149508,0.005351351403,0.003548387046,,0.005714285714,0.006611136999,0.006896551827,0.005416988383,0.005,0.004864864736,0.004857142993
Mayonesa,jar,0.8,0.9,1.4,1.69,0.75,1.9,1.145,1.5,0.95,,,,,,,,,,,,
Mayonesa,large envelope,1.25,,,,,,,0.89,,,,,,,,,,,,,
Mayonesa,large vial,2.525,2.015,3,2.83,,3,2.375,1.89,,,,,,,,,,,,,
Mayonesa,medium can,,,,,,,,0.99,,,,,,,,,,,,,
Mayonesa,medium envelope,0.4,0.3,1.5,,,,0.35,0.96,0.5658333333,,,,,,,,,,,,
Mayonesa,medium vial,1.65,1.28,1.425,1.65,1.5,1.525,1.33,1.5,1.25,,,,,,,,,,,,
Mayonesa,milliliter,,,,,,,,,,0.004865657579,0.001890179537,,0.002320296039,,,,,0.00199788582,0.001934460933,0.003281938347,0.002830750785
Mayonesa,ounce,,,,,,,,,,0.1357291676,0.05562499911,0.1049999967,0.0934375003,,,,0.125,0.08749999851,0.1362500042,0.0931250006,0.1187499985
Mayonesa,small envelope,0.37,0.35,0.3,,,0.35,0.325,0.35,,,,,,,,,,,,,
Mayonesa,small vial,0.9,0.8,0.7,0.85,0.725,0.75,0.7,0.85,0.75,,,,,,,,,,,,
Mayonesa,value,,0.1493506494,,,,,0.3779220779,0.3038961039,,,,,,,,,,,,,
Maíz De Grano,bag or sack,,,12.5,15,8,,,13,,,,,,,,,,,,,
Maíz De Grano,gram,,,,,,,,,,,,,,,,,,,,0.000407488992,0.0004405286409
Maíz De Grano,ounce,,,,,,,,,,0.01785714286,,,,,,,,,,0.01203125032,
Maíz De Grano,pound,0.275,0.2,0.25,0.25,0.125,0.25,0.25,0.25,0.15,0.2,0.25,0.200000003,0.2,,0.15,,0.25,0.25,0.25,0.200000003,0.2
Maíz De Grano,value,,,,0.2922077922,,,,0.1285714286,,,,,,,,,,,,,
Maíz De Mazorca,bag or sack,,4.5,4,,,,,5,,,,,,,,,,,,,
Maíz De Mazorca,gram,,,,,,,,,,,,,,,,,,,,0.001445086705,0.001428571429
Maíz De Mazorca,ounce,,,,,,,,,,0.01000000007,0.0158125,0.01,0.02083333333,,0.01666666667,,0.006666666667,0.0142857145,0.008333333333,0.02083333333,0.009375
Maíz De Mazorca,package,,,,,,2.5,,0.325,,,,,,,,,,,,,
Maíz De Mazorca,pound,,,,,,,,,,0.1724138006,0.2205128333,0.2400000016,,,,,0.15,,,0.25,
Maíz De Mazorca,unit,0.1,0.1,0.1,0.125,0.03,0.1,0.1,0.125,0.075,,,,,,,,,,,,
Maíz De Mazorca,value,,0.3246753247,,0.2272727273,,0.1298701299,0.06493506494,0.06493506494,,,,,,,,,,,,,
Melones,gram,,,,,,,,,,,,,0.001582278481,,,,,,,0.001922956028,
Melones,ounce,,,,,,,,,,,0.03692810491,,0.03125,,,,,,,0.05555555556,
Melones,package,,,,,,,,0.375,,,,,,,,,,,,,
Melones,pound,,,,,,,0.15,,0.5833333333,0.475000004,0.2678571429,0.4950000048,0.2916666667,,,,0.225000004,0.1875000031,0.1769230784,0.25,0.2111111111
Melones,slice or tea bag???,,,,0.25,,,0.25,0.25,,,,,,,,,,,,,
Melones,unit,1.25,0.4,0.06666666667,0.875,0.5,1,0.5,0.6,0.5,,,,,,,,,,,,
Melones,value,,0.6493506494,,,,,,0.1038961039,,,,,,,,,,,,,
Miel,1/2 gallon,,,1,,,,,,,,,,,,,,,,,,
Miel,1/4 baby bottle,,,,0.625,,,,1,1,,,,,,,,,,,,
Miel,bottle,,3,0.5,,0.4,0.5,0.6,1.3,,,,,,,,,,,,,
Miel,bundle,0.3,0.25,0.3333333333,0.2916666667,0.1666666667,,,0.5,0.25,,,,,,,,,,,,
Miel,gallon,,5,1.875,,,2,2.1,5,,,2.5,2.5,,,,,,3,2,6,2.8
Miel,gram,,,,,,,,,,0.005657142912,0.00521428568,,0.005285714354,,,,,,0.002113160793,0.005,0.006549999714
Miel,liter,,5,,,,0.9,,,,2.375,,,,,,,,,1.649999976,1.491564386,
Miel,milliliter,,,,,,,,,,0.001133333365,0.005685714313,0.005714285714,0.005657142912,,,,,0.004,0.002616666714,0.004140845044,0.001428571429
Miel,ounce,,,,,,,,,,0.1468749965,0.2354166706,,0.2491666675,,,,,,,0.2406250015,0.1130626249
Miel,pound,,0.27875,0.63,,,,,0.275,,,,,,,,,,,,,
Miel,unit,0.275,0.25,0.2,0.25,,0.25,,0.25,0.25,,,,,,,,,,,,
Miel,value,,0.1298701299,,0.1298701299,,0.1948051948,,0.1298701299,,,,,,,,,,,,,
Naranjas,bag or sack,1,1,2.5,0.8,,,,2.5,2,,,,,,,,,,,,
Naranjas,gram,,,,,,,,,,,,,,,,,,,,0.0004772393583,
Naranjas,ounce,,,,,,,,,,0.00625,0.004880952476,0.00625,0.00625,,0.02777777778,,0.007142857143,0.007142857143,0.008333333333,0.006250000248,0.008333333333
Naranjas,pound,,,,,,,,,,0.09090908894,0.1294871795,0.1,,,,,0.1,,,0.1,
Naranjas,unit,0.05,0.04166666667,0.05,0.05,0.05,0.05,0.05,0.05,0.05,,,,,,,,,,,,
Naranjas,value,,0.2597402597,,0.1298701299,,,,0.211038961,,,,,,,,,,,,,
Otoes,bag or sack,3,,,,,,,,,,,,,,,,,,,,
Otoes,gram,,,,,,,,,,,0.0008333333191,,,,,,,,,0.0008135593038,
Otoes,ounce,,,,,,,,,,0.01875000075,0.03287499944,0.03863636472,0.03125,,,,,,0.02500000037,0.03437500075,0.02500000099
Otoes,package,,,,,,,,0.65,,,,,,,,,,,,,
Otoes,pound,0.4,0.4,0.4,0.3,0.2,0.25,0.325,0.4,0.3,0.3000000119,0.400000006,0.400000006,0.400000006,,0.150000006,,0.2,0.375,0.400000006,0.400000006,0.400000006
Otoes,unit,,0.125,,0.25,,,,0.225,,,,,,,,,,,,,
Otoes,value,,0.03766233766,,0.07792207792,,,0.03896103896,0.1038961039,,,,,,,,,,,,,
Otros,bag or sack,,,0.25,,,,,,1,,,,,,,,,,,,
Otros,bottle,,1.52,,,,,,1.125,,,,,,,,,,,,,
Otros,box or container,,0.8325,,,,,,0.945,,,,,,,,,,,,,
Otros,bush,,,,,,,,1.5,,,,,,,,,,,,,
Otros,dozen,,,,,,,,2.93,,,,,,,,,,,,,
Otros,envelope,,,,,,,,,0.6,,,,,,,,,,,,
Otros,jar,,,,,,,,2.68,,,,,,,,,,,,,
Otros,large box,,1.35,,,,,,,,,,,,,,,,,,,
Otros,large can,1.65,,,1.8,,,1.8,1.04,1.8,,,,,,,,,,,,
Otros,large package,,,,,,,,2.13,,,,,,,,,,,,,
Otros,medium vial,,,,,,,,1.36,,,,,,,,,,,,,
Otros,package,,0.72,,0.9,,,,0.595,0.65,,,,,,,,,,,,
Otros,pound,,0.5,0.3625,1,1,,0.8,1.1,0.3466666667,,,,,,,,,,,,
Otros,slice or tea bag???,,,,,,,,0.15,,,,,,,,,,,,,
Otros,small box,,0.69,,,,,,,,,,,,,,,,,,,
Otros,small can,,1.35,0.8,,,,,,0.75,,,,,,,,,,,,
Otros,small envelope,,,,,,,,,0.1,,,,,,,,,,,,
Otros,small vial,,,,,,,,0.85,,,,,,,,,,,,,
Otros,unit,0.615,0.44,0.5,,,0.2,,0.5,0.1,,,,,,,,,,,,
Otros,value,2.518181818,0.3246753247,,0.2694805195,0.06493506494,,0.2311688312,0.6493506494,0.4935064935,,,,,,,,,,,,
Pan De Sal Y Pan De Dulce,1/2 mold of bread,,0.375,0.65,,,0.58,,0.48,,,,,,,,,,,,,
Pan De Sal Y Pan De Dulce,bag or sack,0.5,1,1,0.5,1,0.75,0.3333333333,1,1,,,,,,,,,,,,
Pan De Sal Y Pan De Dulce,gram,,,,,,,,,,0.002,0.00142857145,0.001785714286,0.001615924707,0.002857142878,0.001428571485,0.001785714286,0.002857142857,0.001923076923,0.001842496268,0.001666666623,0.001785714286
Pan De Sal Y Pan De Dulce,hamburger package,,0.35,,0.41,,,,0.49,,,,,,,,,,,,,
Pan De Sal Y Pan De Dulce,hot dog package,,,1.2,0.35,,,,0.65,0.75,,,,,,,,,,,,
Pan De Sal Y Pan De Dulce,kilogram,,,,,,,,,,,,,,,,,,,,3,
Pan De Sal Y Pan De Dulce,mold,0.8,0.5,0.65,0.66,1,0.64,0.75,0.66,0.65,,,,,,,,,,,,
Pan De Sal Y Pan De Dulce,ounce,,,,,,,,,,0.05,0.05,0.05,0.04562500119,0.02083333333,0.05,0.05,0.05,0.04166666667,0.04761904762,0.04999999817,0.0349999994
Pan De Sal Y Pan De Dulce,pound,,,0.05,,0.05,,,0.1784090909,,0.4,0.576923121,0.875,,,1,,,,0.7666666706,0.5500000119,
Pan De Sal Y Pan De Dulce,unit,0.1,0.05,0.05,0.05,0.05,0.05,0.05,0.05,0.05,,,,,,,,,,,,
Pan De Sal Y Pan De Dulce,value,,0.3896103896,0.5681818182,0.4409090909,0.1298701299,0.3896103896,0.5194805195,0.6116883117,0.8441558442,,,,,,,,,,,,
"Panela, Raspadura, Etc",gram,,,,,,,,,,,0.004081632653,0.001607717042,,,,,,,,0.001762114564,
"Panela, Raspadura, Etc",ounce,,,,,,,,,,0.02777777778,0.025,0.02211538416,0.05312499963,,0.01428571429,,0.04166666667,0.04444444511,0.03571428571,0.03229166667,0.015625
"Panela, Raspadura, Etc",pound,,,,,,,,,,0.45,0.3225806551,0.25,0.5,,0.25,0.5,0.375,0.349999994,0.25,0.400000003,0.25
Papas,bag or sack,,1,,,,,,1.2,0.5,,,,,,,,,,,,
Papas,gram,,,,,,,,,,,,,,,,,,,0.001307142888,,
Papas,ounce,,,,,,,,,,0.03125,0.0270833342,0.02500000068,0.0187499995,,,,0.02708333234,0.025,0.02500000099,0.02500000068,0.02500000037
Papas,package,,,,,,,,0.975,,,,,,,,,,,,,
Papas,pound,0.5,0.4,0.4,0.4,0.4,0.4,0.4,0.3333333333,0.4,0.4000000159,0.4,0.400000006,0.25,0.5,0.424999997,0.5,0.4000000109,0.4,0.400000006,0.3333333333,0.35
Papas,unit,,0.4,0.4,0.4,,,,0.25,,,,,,,,,,,,,
Papas,value,,0.2220779221,,0.3246753247,,,0.2597402597,0.1064935065,,,,,,,,,,,,,
Papayas,ounce,,,,,,,,,,0.04166666667,0.07159091058,,0.03125,,,,,,,0.04166666667,
Papayas,package,,,,,,,,0.61,,,,,,,,,,,,,
Papayas,pound,,0.25,0.25,0.25,,0.7,,0.15,,0.2820512813,0.2097069587,0.25,0.25,,,,0.25,0.1666666667,0.1999999947,0.3042328002,0.3333333333
Papayas,slice or tea bag???,,0.82,,0.25,,,,0.25,,,,,,,,,,,,,
Papayas,unit,1,1,0.8,1,0.5,0.75,0.8875,1,1.5,,,,,,,,,,,,
Papayas,value,,0.1948051948,,0.1136363636,,,,0.2077922078,,,,,,,,,,,,,
Pastas Alimenticias,gram,,,,,,,,,,0.00150000006,0.001186280674,0.001224669591,0.001627906949,,0.001206395349,0.001529411709,0.001294117675,0.001297378682,0.0015625,0.001294117675,0.001294117675
Pastas Alimenticias,large package,,,,,,,0.6,,,,,,,,,,,,,,
Pastas Alimenticias,ounce,,,,,,,,,,0.04374999925,0.04374999925,0.03750000149,0.04374999925,,0.03697916617,0.04218749826,0.03125,0.03636363691,0.03750000149,0.03666666694,0.03520833353
Pastas Alimenticias,package,,,,,,,,0.555,0.3,,,,,,,,,,,,
Pastas Alimenticias,package of 12 envelopes,,,,,,,,1.875,,,,,,,,,,,,,
Pastas Alimenticias,pound,0.7,0.6,0.55,0.55,0.6,0.53,0.58,0.55,0.5,0.6499999762,0.6499999762,0.5499999921,0.5500000119,0.6000000238,0.5,0.6499999762,0.6000000238,0.5500000119,0.5500000119,0.5500000119,0.5
Pastas Alimenticias,small envelope,,,,,,,,0.57,,,,,,,,,,,,,
Pastas Alimenticias,unit,,,,0.5,,,,,,,,,,,,,,,,,
Pastas Alimenticias,value,,0.1785714286,0.3363636364,0.2597402597,,0.3181818182,0.2532467532,0.2597402597,0.1298701299,,,,,,,,,,,,
Pastas De Tomate,can,,,,,,0.6416666667,,,,,,,,,,,,,,,
Pastas De Tomate,envelope,0.45,0.515,0.34,0.405,,0.375,0.35,0.41,0.36,,,,,,,,,,,,
Pastas De Tomate,gallon,,,6,,,,,,,,,,,,,,,,,,
Pastas De Tomate,gram,,,,,,,,,,0.003840526915,0.003620689628,0.003863636404,0.003409091045,0.00426829261,0.00426829261,0.00397727266,0.00426829261,0.003484251931,0.003667106255,0.00329401833,0.003750000093
Pastas De Tomate,large bay,1.95,1.5,1.99,1.875,,,0.7975,1.88,1.68,,,,,,,,,,,,
Pastas De Tomate,large can,0.5,0.5,0.5,0.51,,0.55,0.52,0.49,0.5,,,,,,,,,,,,
Pastas De Tomate,large envelope,,0.4,0.59,0.6,,0.6,,0.47,,,,,,,,,,,,,
Pastas De Tomate,medium can,,,,,,,0.45,,,,,,,,,,,,,,
Pastas De Tomate,medium envelope,,0.49,0.62,0.65,,,,0.45,0.35,,,,,,,,,,,,
Pastas De Tomate,ounce,,,,,,,,,,,0.06400856735,0.0875,0.0349999994,0.03333333383,0.03333333466,0.0692307674,,0.1181818138,,0.09291666581,0.06922196894
Pastas De Tomate,pound,,,,,,,,,,,0.5500000119,,,,,,,,,1.441666603,0.5
Pastas De Tomate,small bar,1.2,1.05,1.05,1.045,1.375,1.02,0.995,1,1.075,,,,,,,,,,,,
Pastas De Tomate,small can,0.35,0.35,0.35,0.35,0.35,0.35,0.35,0.35,0.35,,,,,,,,,,,,
Pastas De Tomate,small envelope,,0.41,0.36,0.38,,0.35,,0.37,0.1,,,,,,,,,,,,
Pastas De Tomate,value,0.4688311688,0.3155844156,0.3896103896,0.4285714286,0.2662337662,0.3181818182,0.2480519481,0.4077922078,0.475974026,,,,,,,,,,,,
Pastillas Y Confites,gram,,,,,,,,,,0.003333333466,0.004116541517,0.004629629821,0.007291666667,0.01428571457,0.005555555638,0.004166666729,0.006802720956,0.004761904833,0.004761904762,0.004761904762,0.004761904762
Pastillas Y Confites,ounce,,,,,,,,,,0.0625,0.125,0.1041666705,,,,,0.1,,0.200000003,0.1041666705,0.08750000149
Pastillas Y Confites,pound,,,,,,,,,,1.5,1.125,,1.166666667,,,,,,1,1,1.050000012
Pepino,bag or sack,,,1,,,,,0.525,,,,,,,,,,,,,
Pepino,gram,,,,,,,,,,,,,,,,,,,,0.001027900129,
Pepino,ounce,,,,,,,,,,0.025,0.01614583346,0.01541666687,0.01631944482,,0.02999999921,,0.125,0.01250000019,0.0125000005,0.03125,0.02500000084
Pepino,package,,,,,,,,0.57,,,,,,,,,,,,,
Pepino,pound,0.45,0.25,0.25,0.3,0.2,0.2,0.2,0.25,0.25,0.25,0.224999994,0.25,0.25,,0.175000007,0.5,0.25,0.200000003,0.200000003,0.25,0.200000003
Pepino,unit,0.15,0.15,0.2,0.25,,0.1107142857,0.075,0.2,0.15,,,,,,,,,,,,
Pepino,value,,0.1298701299,,0.06493506494,,,0.03896103896,0.07142857143,,,,,,,,,,,,,
Pescados,large tray,,,,,,,,4.7,,,,,,,,,,,,,
Pescados,medium package,,,,,,,,2.5,,,,,,,,,,,,,
Pescados,ounce,,,,,,,,,,0.06770833333,0.0875,0.03750000025,0.0625,,0.03125,,,,0.07791666687,0.08333333333,0.05000000075
Pescados,package,,,,,,,,2.125,,,,,,,,,,,,,
Pescados,pound,1.1,1,0.5,0.8,0.5,0.6,1,0.85,0.55,1,1.25,0.5,0.6500000159,0.5,0.5,1,0.5,0.6000000238,0.8000000119,0.6999999881,0.5
Pescados,small package,,,,,,,,1.29,,,,,,,,,,,,,
Pescados,small tray,,,,,,,,1.775,,,,,,,,,,,,,
Pescados,tray,,,,,,,,1.25,,,,,,,,,,,,,
Pescados,unit,2,3.15,0.3333333333,0.25,0.3,1,,0.9516666667,2,,,,,,,,,,,,
Pescados,value,,0.6493506494,,0.3896103896,,,0.3246753247,0.5194805195,0.3896103896,,,,,,,,,,,,
Picaritas,gram,,,,,,,,,,0.006134969325,0.007142857143,0.005555555638,0.007142857082,0.002272727273,0.005000000075,0.005000000075,0.005999999841,0.004801024488,0.005263158104,0.005999999841,0.004285714371
Picaritas,ounce,,,,,,,,,,0.1155963338,0.25,,0.05769230769,,,,,,0.1904761991,0.2466071461,0.1633333365
Piñas,ounce,,,,,,,,,,0.02127659574,0.03009259259,0.02323717949,0.03125,,,,0.08333333333,,,0.02543103448,0.03333333333
Piñas,pound,,,1.2,,,,,0.3854166667,,0.3333333333,0.25,0.25,0.25,,,,0.1875,0.25,0.25,0.25,0.3333333333
Piñas,slice or tea bag???,,,,0.25,,,,0.25,,,,,,,,,,,,,
Piñas,unit,0.75,0.75,0.75,0.75,,0.75,1,0.6125,0.5,,,,,,,,,,,,
Piñas,value,,0.3896103896,,0.0974025974,,0.1493506494,,0.1558441558,,,,,,,,,,,,,
Plátanos Verdes,bag or sack,,,,,,,,2,,,,,,,,,,,,,
Plátanos Verdes,gram,,,,,,,,,,,,0.001534552841,,,,0.00048828125,0.00048828125,,,0.000550660793,0.0005208333097
Plátanos Verdes,head,1.25,1.5,2,1.5,1.5,0.25,1.375,2,1.175,,,,,,,,,,,,
Plátanos Verdes,ounce,,,,,,,,,,0.006818181818,0.01000000027,0.01302083282,0.01388888889,0.004166666667,0.009166666534,0.01145833333,0.00625,0.01,0.0125,0.01388888889,0.01000000007
Plátanos Verdes,package,,,,,,,,1,,,,,,,,,,,,,
Plátanos Verdes,pound,,,0.1333333333,0.35,,,,0.23,,0.09615384968,0.1538461538,0.25,0.25,,0.09375,0.25,0.125,0.16666666,,0.25,0.2000000079
Plátanos Verdes,unit,0.05,0.1,0.1,0.125,0.03,0.1,0.1,0.125,0.1,,,,,,,,,,,,
Plátanos Verdes,value,,0.1850649351,0.2597402597,0.1233766234,,0.1948051948,0.1298701299,0.2597402597,,,,,,,,,,,,,
Pollo O Gallina,box or container,,,,,,,,2.65,,,,,,,,,,,,,
Pollo O Gallina,gram,,,,,,,,,,,0.002410893064,,,,,,,,,0.003159148413,
Pollo O Gallina,large package,,,2.75,,,1.166666667,2.875,5,,,,,,,,,,,,,
Pollo O Gallina,large tray,2.75,,2.5,,,,2.5,2.65,,,,,,,,,,,,,
Pollo O Gallina,medium package,,,4,,,5.5625,1.925,2.325,,,,,,,,,,,,,
Pollo O Gallina,medium tray,1.25,2,1.8,,,,2.5,2,,,,,,,,,,,,,
Pollo O Gallina,ounce,,,,,,,,,,0.05916666488,0.07497916619,0.0625,0.05,,,,0.06750000318,,0.05486188014,0.0625,0.0625
Pollo O Gallina,package,,,2,,,2.375,2.5,2.5,2.5,,,,,,,,,,,,
Pollo O Gallina,pound,1.25,1.25,1.1,1,1.225,1.1,1.2,1,1.1,1,1.082500037,1,0.75,1.25,1,1.399999976,1.25,1,1,0.9000000159,1
Pollo O Gallina,small package,,,3,,,1.4,1.3,1.5,1,,,,,,,,,,,,
Pollo O Gallina,small tray,2.666666667,1.694230769,1.55,,,,1.75,1.5,1.5,,,,,,,,,,,,
Pollo O Gallina,tray,1.833333333,1.9,1.825,,,1.6,1.475,2.375,1.575,,,,,,,,,,,,
Pollo O Gallina,unit,3.95,5,2.696428571,5,2.5,4.775,4.5,3.5,3.5,,,,,,,,,,,,
Pollo O Gallina,value,,1.103896104,,0.8441558442,,1.688311688,1.883116883,1.558441558,,,,,,,,,,,,,
Porotos,gram,,,,,,,,,,,,,,,,,,0.001268498993,,0.001744784896,
Porotos,ounce,,,,,,,,,,,0.03958333284,0.05312500149,0.05624999851,,,,0.0625,0.05312499963,0.05000000075,0.05312500149,0.05000000075
Porotos,package,,,,,,,,1.3,,,,,,,,,,,,,
Porotos,pound,0.95,0.85,0.9,1,1,0.85,0.9,1,0.85,0.8000000119,0.75,0.8000000119,0.8500000238,1,0.75,1,0.8999999762,0.8000000119,0.8000000119,0.8500000238,0.75
Porotos,value,,,,0.08961038961,,,0.25,0.5454545455,,,,,,,,,,,,,
Preparación De Maíz,gram,,,,,,,,,,0.001470588235,0.001314285704,0.001175822759,0.003107142815,,,,0.001470588235,0.004060846475,0.002700000048,0.0008823529762,0.007312775183
Preparación De Maíz,ounce,,,,,,,,,,0.04545454545,0.02272727273,0.03090277811,0.02037037081,,0.0625,,0.04289215686,0.03770638425,0.03749999901,0.02291666716,0.03125
Preparación De Maíz,package,,,,,,,,0.675,0.5,,,,,,,,,,,,
Preparación De Maíz,pound,0.45,0.3,0.35,0.25,0.25,0.25,0.375,0.25,0.275,0.6000000238,0.5,0.5,0.5500000119,,0.375,0.5,0.349999994,0.25,0.3000000119,0.5,0.25
Preparación De Maíz,tortilla/empanadas package,0.7,0.5,0.5,0.55,,0.425,0.475,0.52,0.5,,,,,,,,,,,,
Preparación De Maíz,unit,0.5,0.5,0.25,0.5,0.125,0.25,0.25,0.25,0.25,,,,,,,,,,,,
Preparación De Maíz,value,0.1038961039,0.1298701299,0.2922077922,0.2207792208,0.2597402597,0.3246753247,0.1753246753,0.3376623377,0.7792207792,,,,,,,,,,,,
Primer otro,gallon,,,,,,,,,,,,,,,1.5,,,,2,,0.4500000179
Primer otro,gram,,,,,,,,,,0.004176470696,0.004801570458,,,,,0.007777777645,,0.01107954532,0.006500000159,0.003933333158,0.002999999921
Primer otro,liter,,,,,,,,,,,0.1428571429,,,,,,,0.6596306135,,0.8611111111,0.1363636364
Primer otro,milliliter,,,,,,,,,,,,,,,0.0003333333333,,,,,0.005506135028,
Primer otro,ounce,,,,,,,,,,0.08437499901,0.05729166667,0.05,0.2692307692,,,,0.1666666667,0.0904545448,0.05312499925,0.0625,0.03333333333
Primer otro,pound,,,,,,,,,,0.8000000119,1,0.25,,,0.04166666667,0.5104166667,1,1,0.8799999952,0.8999999762,
Queso (Blanco Y Amarillo),bar,,0.6,1.125,,0.5,0.5,1,1.05,,,,,,,,,,,,,
Queso (Blanco Y Amarillo),box or container,,2.425,,,,,1.1,7.565,3,,,,,,,,,,,,
Queso (Blanco Y Amarillo),gram,,,,,,,,,,0.006249999716,0.005468749917,0.00625,0.00625,0.006250000093,0.00625,0.00625,0.00625,0.00625,0.006249999834,0.00625,0.00625
Queso (Blanco Y Amarillo),ounce,,,,,,,,,,0.05,0.05000000199,0.05000000199,0.1,,,0.05000000075,0.05000000075,0.1225000024,0.09999999782,0.09999999546,0.05000000075
Queso (Blanco Y Amarillo),package,2.5,1.5,1.85,1.445,1.375,1.54,2,1.5,1.225,,,,,,,,,,,,
Queso (Blanco Y Amarillo),pound,2.35,1.6,2,2,1.2,2.2,2.225,2.15,2.25,2,1.5,2.099999905,2.299999952,,,2.5,1.350000024,2.200000048,1.612500012,2.049999952,2.289999962
Queso (Blanco Y Amarillo),slice or tea bag???,0.1,0.1,0.1,0.1,0.1125,0.1,0.1,0.1,0.1,,,,,,,,,,,,
Queso (Blanco Y Amarillo),small vial,,,,,,,,1.745,1.65,,,,,,,,,,,,
Queso (Blanco Y Amarillo),unit,1.4,0.1,1.1,0.1,1,1,0.5,0.95,0.5,,,,,,,,,,,,
Queso (Blanco Y Amarillo),value,,0.4415584416,0.3896103896,0.1948051948,0.5584415584,0.5194805195,0.4415584416,0.4545454545,0.8441558442,,,,,,,,,,,,
Raspados Y Duros,1/2 gallon,3,3,2.5,2.5,2.5,3.25,2.1,2.55,2.725,,,,,,,,,,,,
Raspados Y Duros,gallon,4.125,4.5,4,3.5,,3.525,3.3,2.85,9,,,,,,,,,,,,
Raspados Y Duros,gram,,,,,,,,,,0.001874999979,,0.001401682018,,0.0025,0.001250000019,0.001250000034,0.00125,,0.001250000019,0.0025,0.00125
Raspados Y Duros,liter,,,,,,,,0.6,,,,0.8000000119,,,,,,,,,0.75
Raspados Y Duros,medium box,,,,,,,,1.75,,,,,,,,,,,,,
Raspados Y Duros,milliliter,,,,,,,,,,,,,,,,,,,,0.0007333333404,
Raspados Y Duros,ounce,,,,,,,,,,0.025,0.02500000099,0.01666666692,0.01666666692,0.0375,0.025,0.025,0.02000000079,0.025,0.02500000037,0.01666666733,0.02500000037
Raspados Y Duros,package,,,2.65,,,,,,,,,,,,,,,,,,
Raspados Y Duros,pint,0.875,0.8,0.85,0.8,1.15,0.825,1.4,0.8,0.825,,,,,,,,,,,,
Raspados Y Duros,pound,,,,,,,,,,,,0.4,,,,,,,,0.2500000062,
Raspados Y Duros,unit,0.1,0.25,0.2,0.25,0.1,0.25,0.25,0.25,0.25,,,,,,,,,,,,
Raspados Y Duros,value,,0.1948051948,0.3246753247,0.2077922078,,0.2597402597,0.2597402597,0.3246753247,0.2597402597,,,,,,,,,,,,
Remolacha,bag or sack,,,,,,,,1.4,,,,,,,,,,,,,
Remolacha,gram,,,,,,,,,,0.002886768364,,0.002177419441,,,,,,,,0.001709401735,
Remolacha,ounce,,,,,,,,,,0.04166666667,0.03750000025,0.05625000224,0.03750000149,,,,,0.03229166667,0.05000000075,0.03750000149,0.03437500075
Remolacha,package,,,0.35,,,,,0.58,0.7,,,,,,,,,,,,
Remolacha,pound,0.5,0.4,0.6,0.6,0.55,0.6,0.5,0.5,0.5,0.600000004,0.4499999881,0.5,0.5,,,0.5,0.650000006,0.5,0.5450000167,0.5500000119,0.6000000238
Remolacha,unit,0.4,0.2008333333,0.85,0.25,,0.75,,0.25,0.25,,,,,,,,,,,,
Remolacha,value,,0.06493506494,,0.07792207792,,,0.03246753247,0.07402597403,,,,,,,,,,,,,
Repollo,gram,,,,,,,,,,,,,,,,,,,,0.001101321586,
Repollo,ounce,,,,,,,,,,0.04374999925,0.03125,0.03750000149,0.04374999925,,,,0.03437500075,0.03125,0.03750000149,0.03750000149,0.03125
Repollo,package,,,,,,,,0.5,0.6,,,,,,,,,,,,
Repollo,pound,0.6,0.4,0.5,0.5,0.5,0.5,0.5,0.5,0.5,0.5,0.400000006,0.5,0.5,,0.5,0.5,0.5999999841,0.5,0.5,0.5,0.5
Repollo,unit,0.35,0.4,0.5,0.45,,0.645,,0.5,0.425,,,,,,,,,,,,
Repollo,value,,0.1298701299,,0.06493506494,,0.03896103896,0.1948051948,0.06493506494,,,,,,,,,,,,,
Sal,bag or sack,0.25,,0.9,,1.25,0.95,0.25,1,6,,,,,,,,,,,,
Sal,gram,,,,,,,,,,0.0007629792814,0.000550660793,0.0005882352941,0.0007350945688,,0.0008928571562,0.0004405286409,0.0005882352941,0.0003303964889,,0.0005882353029,0.000550660793
Sal,large package,1.25,0.25,1,0.8,,1,0.975,1,0.25,,,,,,,,,,,,
Sal,medium envelope,,,,,,,,0.22,,,,,,,,,,,,,
Sal,medium package,0.25,0.25,0.25,0.25,0.25,0.25,0.25,0.25,0.25,,,,,,,,,,,,
Sal,ounce,,,,,,,,,,0.025,0.01666666692,0.01666666638,0.01666666692,,0.01666666692,0.02499999934,0.01770833371,0.02500000099,0.01666666692,0.01666666692,0.01666666692
Sal,pound,0.25,0.25,0.25,0.25,0.25,0.25,0.25,0.25,0.25,0.25,0.25,0.25,0.25,0.325000003,0.25,0.2250000015,0.25,0.25,0.25,0.25,0.25
Sal,small package,0.25,0.25,0.25,0.1,0.25,0.25,0.25,0.25,0.25,,,,,,,,,,,,
Sal,value,,0.0974025974,,0.06493506494,,,0.0487012987,0.06493506494,,,,,,,,,,,,,
Sandias,ounce,,,,,,,,,,0.04166666667,,,0.03125,,,,,,,0.04166666667,
Sandias,pound,0.25,,,,,,,1,,0.3114382813,0.2,0.375,0.1726190476,,,,0.35,,0.4449999928,0.3,0.4375
Sandias,slice or tea bag???,,,,0.25,,,,0.25,,,,,,,,,,,,,
Sandias,unit,1.5,1.875,1,1,1.5,1.75,1,1,1.375,,,,,,,,,,,,
Sandias,value,,0.3246753247,,0.08116883117,,,,0.1785714286,,,,,,,,,,,,,
Sardina Y Atún,gram,,,,,,,,,,0.00366176465,0.004193548233,0.00338709662,0.002941176471,0.004463946831,0.003225806452,0.002941176471,0.004166666667,0.003437500075,0.00363636354,0.003529411638,0.003464516209
Sardina Y Atún,large can,1.175,1,0.95,1.2,0.75,0.7,1,0.85,1,,,,,,,,,,,,
Sardina Y Atún,ounce,,,,,,,,,,0.09999999764,0.1043478302,0.08333333333,0.075,,0.1090909091,,0.1363636364,0.09833332896,0.100000004,0.08681159261,0.09411764846
Sardina Y Atún,pound,,,,,,,,,,0.5,1.100000024,,,,,,,,,0.675000002,
Sardina Y Atún,small can,0.7,0.65,0.6,0.55,0.7,0.6,0.6,0.6,0.6,,,,,,,,,,,,
Sardina Y Atún,value,0.2727272727,0.3896103896,0.4415584416,0.3084415584,0.4480519481,0.2467532468,0.2467532468,0.3896103896,0.3506493506,,,,,,,,,,,,
Segundo otro,gram,,,,,,,,,,,0.003333333333,,,,,0.007777777645,,0.004839285715,0.003428571338,0.006357036295,0.003199999928
Segundo otro,milliliter,,,,,,,,,,,,,,,,,,,0.002313167175,0.003435582837,
Segundo otro,ounce,,,,,,,,,,0.1026666679,0.07965908863,,,,,,,0.06404494442,0.1538461502,0.05874999985,0.1000000015
Segundo otro,pound,,,,,,,,,,0.449999994,1,,,,0.1,,,1.025,0.75,0.75,
"Sodas, Refrescos Y Jugos",1/2 gallon,,1.3,1.45,1.475,,,,1.49,,,,,,,,,,,,,
"Sodas, Refrescos Y Jugos",bottle,0.35,0.25,0.25,0.3,0.3,0.25,0.25,0.25,0.25,,,,,,,,,,,,
"Sodas, Refrescos Y Jugos",box or container,,,4.45,,,,,,,,,,,,,,,,,,
"Sodas, Refrescos Y Jugos",can,,0.35,0.35,0.5,0.5,0.25,0.375,0.3741666667,0.4,,,,,,,,,,,,
"Sodas, Refrescos Y Jugos",gallon,1.85,,,1.56,,,,1.6,,3.700000048,2.5,3.9375,1.789999962,,,,,2.75,3.299999952,2.299999952,2
"Sodas, Refrescos Y Jugos",gram,,,,,,,,,,0.009756097706,0.004642857327,0.0008622994652,0.0075,,,0.002857142857,0.004817391982,0.007410714089,0.001105527653,0.006499999762,0.000880533505
"Sodas, Refrescos Y Jugos",jar,0.45,0.25,3.85,,,,,0.315,,,,,,,,,,,,,
"Sodas, Refrescos Y Jugos",liter,1,0.6,0.65,0.6,0.875,0.6,0.65,0.6,0.6,0.6622807059,0.5999999841,0.5,0.5,0.9499999881,0.75,0.4874999821,0.7,0.6321048508,0.625,0.5500000119,0.5416666766
"Sodas, Refrescos Y Jugos",milliliter,,,,,,,,,,0.0007062146893,0.0007940729398,0.0007062146893,0.0007062146893,0.0009322033539,0.0008474576047,0.0008474576608,0.001,0.0007458019005,0.00075,0.0007928118393,0.0007062146893
"Sodas, Refrescos Y Jugos",ounce,,,,,,,,,,0.0299999997,0.03125,0.02083333333,0.025,0.035416666,,0.025,0.02916666667,0.03468934836,0.025,0.02500000068,0.03125
"Sodas, Refrescos Y Jugos",pound,,0.9,,,0.3,,,0.75,,,,,,,,,,,,,
"Sodas, Refrescos Y Jugos",small can,,,,,,0.4,,0.325,0.25,,,,,,,,,,,,
"Sodas, Refrescos Y Jugos",small envelope,,,0.1,,,,,0.225,,,,,,,,,,,,,
"Sodas, Refrescos Y Jugos",unit,0.25,0.25,0.25,,,0.4,0.25,0.31,,,,,,,,,,,,,
"Sodas, Refrescos Y Jugos",value,0.6493506494,0.2857142857,0.5032467532,0.3896103896,0.5194805195,0.3896103896,0.3766233766,0.6493506494,0.4025974026,,,,,,,,,,,,
Sopa Enlatada,can,0.8,0.87,0.85,0.85,0.9,0.76,0.875,0.8,0.8,,,,,,,,,,,,
Sopa Enlatada,envelope,0.4,0.35,0.35,0.35,0.4,0.35,0.35,0.35,0.35,,,,,,,,,,,,
Sopa Enlatada,gram,,,,,,,,,,0.005833333333,0.005833333234,0.006208333373,0.004117647059,,0.006666666766,0.006666666766,0.006666666766,0.0063659512,0.0063659512,0.005833333234,0.0063659512
Sopa Enlatada,ounce,,,,,,,,,,0.1289655176,0.1149999996,0.06698275743,0.08333333333,,0.1285714308,,0.1166666647,0.1066666643,0.09625904774,0.1039999962,0.06774193753
Sopa Enlatada,package,,,,,,,,0.96,,,,,,,,,,,,,
Sopa Enlatada,package of 2 envelopes,0.8,0.7,0.7,0.5,0.75,0.35,0.7,0.6633333333,0.7,,,,,,,,,,,,
Sopa Enlatada,package of 4 envelopes,,0.7,1.23,1.25,,0.35,0.59375,0.7,,,,,,,,,,,,,
Sopa Enlatada,value,0.2948051948,0.2727272727,0.5454545455,0.2831168831,0.1688311688,0.2597402597,0.2597402597,0.3142857143,0.4701298701,,,,,,,,,,,,
Tercer otro,gram,,,,,,,,,,0.00474999994,,,,,,,,,0.003960000038,0.003181818128,
Tercer otro,milliliter,,,,,,,,,,,,,,,,,,,,0.003435582837,
Tercer otro,ounce,,,,,,,,,,,,,,,,,,0.01,,0.0625,
Tercer otro,pound,,,,,,,,,,,,,,,,,,0.75,0.5999999841,0.6949999928,
Tomate,bag or sack,1,0.55,0.75,1.5,,1,,1,,,,,,,,,,,,,
Tomate,box or container,,2.5,,,,,,6,,,,,,,,,,,,,
Tomate,gram,,,,,,,,,,,,,,,,,,,,0.002154516787,
Tomate,medium tray,,,,,,,,1.333333333,,,,,,,,,,,,,
Tomate,ounce,,,,,,,,,,0.04375000075,0.03749999901,0.04374999801,0.04374999925,,,,0.01875000075,0.03437500075,0.04208333393,0.04374999925,0.03125
Tomate,package,,,,,,,,0.8,,,,,,,,,,,,,
Tomate,pound,0.7,0.5,0.5,0.525,0.2833333333,0.5,0.6,0.6,0.5,0.6000000238,0.5,0.6000000238,0.6000000238,0.262500003,0.375,0.5,0.6000000238,0.5500000119,0.6000000238,0.6000000238,0.5500000119
Tomate,small tray,,,,,,,,1.125,0.65,,,,,,,,,,,,
Tomate,tray,,,,,,,,1,,,,,,,,,,,,,
Tomate,unit,0.25,0.1583333333,0.1,0.4,,0.2,0.1,0.2,,,,,,,,,,,,,
Tomate,value,,0.1220779221,,0.1136363636,,,0.0974025974,0.1818181818,,,,,,,,,,,,,
Viscera De Res,medium package,,,,,,,,2,,,,,,,,,,,,,
Viscera De Res,ounce,,,,,,,,,,0.08749999851,0.05999999866,0.09375,,,,,0.08096590909,0.112499997,,0.08333333333,
Viscera De Res,package,,,,,,,,3.72,,,,,,,,,,,,,
Viscera De Res,pound,1.2,1.267857143,1.25,1.416666667,1,1.25,1.25,1.4,1,1.200000008,1,1.156666676,1,,0.8000000119,,1.299999952,1.25,1.25,1.399999976,0.8333333333
Viscera De Res,small tray,,,,,,,,1.5,,,,,,,,,,,,,
Viscera De Res,unit,,,,,,,0.5,1.75,,,,,,,,,,,,,
Viscera De Res,value,,0.6493506494,,0.3896103896,0.6493506494,1.298701299,0.6493506494,0.3246753247,,,,,,,,,,,,,
Visceras De Pollo O Gallina,gram,,,,,,,,,,,0.002349486085,,,,,,,,,0.002643171806,
Visceras De Pollo O Gallina,large package,1.2,,,,,,,2.25,,,,,,,,,,,,,
Visceras De Pollo O Gallina,ounce,,,,,,,,,,0.03125,,,0.0625,,,,,0.05541666845,0.05,0.06145833383,
Visceras De Pollo O Gallina,package,,,,,,,,1.14,,,,,,,,,,,,,
Visceras De Pollo O Gallina,pound,0.5,0.6,0.75,0.85,0.5,1.1,1,1,0.5,0.6666666667,0.8250000179,0.6999999881,0.725,,0.6499999762,1.5,1,0.8000000119,1,0.8000000119,0.7283333441
Visceras De Pollo O Gallina,small package,1.85,,,,,,,1.57,,,,,,,,,,,,,
Visceras De Pollo O Gallina,small tray,,6,,,,,,,,,,,,,,,,,,,
Visceras De Pollo O Gallina,value,,0.275974026,,0.3896103896,,,,0.2922077922,,,,,,,,,,,,,
Yuca,bag or sack,3,,3,1,,,,,,,,,,,,,,,,,
Yuca,bush,,0.3333333333,,,,0.1,,,,,,,,,,,,,,,
Yuca,ounce,,,,,,,,,,0.02500000037,0.01100000019,,,,,,,,0.0125,0.01875000028,
Yuca,package,,,0.65,0.25,,,,0.65,,,,,,,,,,,,,
Yuca,pound,0.2,0.15,0.15,0.25,0.125,0.15,0.15,0.15,0.15,0.200000003,0.150000006,0.15,0.125,0.25,0.1,0.225,0.15,0.200000003,0.200000003,0.150000006,0.15
Yuca,unit,,,0.05,0.15,,,,0.125,,,,,,,,,,,,,
Yuca,value,,0.02272727273,,0.06493506494,,,0.07467532468,0.06493506494,,,,,,,,,,,,,
Zanahoria,bag or sack,,,,,,,,0.69,,,,,,,,,,,,,
Zanahoria,gram,,,,,,,,,,0.0005,,,0.003571428571,,,,,,,,
Zanahoria,ounce,,,,,,,,,,0.04062500037,0.03750000149,0.03348214286,0.03125,,,,0.03125,0.03750000149,0.03750000149,0.03125,0.03125
Zanahoria,package,,,,,,,,0.5,0.66,,,,,,,,,,,,
Zanahoria,pound,0.6,0.4,0.6,0.4,0.5,0.5,0.5,0.35,0.5,0.4499999881,0.400000006,0.5,0.400000006,,,0.5,0.5,0.5,0.5,0.400000006,0.5
Zanahoria,unit,0.25,0.1275,0.15,0.2,,0.125,,0.15,0.25,,,,,,,,,,,,
Zanahoria,value,,0.05194805195,,0.06493506494,,0.03896103896,0.05194805195,0.0974025974,,,,,,,,,,,,,
Zapallo / Chayote,bag or sack,,0.75,,,,,,0.75,,,,,,,,,,,,,
Zapallo / Chayote,gram,,,,,,,,,,,,,,,,,,,,0.0006607929778,
Zapallo / Chayote,ounce,,,,,,,,,,0.01674107143,0.01666666712,0.015625,0.015625,,,,,0.01770833286,0.02916666783,0.02142857228,0.01979166704
Zapallo / Chayote,package,,,,0.45,,,,0.425,,,,,,,,,,,,,
Zapallo / Chayote,pound,0.3,0.25,0.25,0.3,,0.2,0.2,0.3,0.2,0.25,0.2000000079,0.2000000055,0.25,,,,0.349999994,0.200000003,0.25,0.25,0.225000004
Zapallo / Chayote,slice or tea bag???,,,0.25,,,,,0.25,,,,,,,,,,,,,
Zapallo / Chayote,unit,0.1,0.1,0.15,0.25,,0.275,0.15,0.2,0.125,,,,,,,,,,,,
Zapallo / Chayote,value,,0.08441558442,0.2012987013,0.04545454545,,0.06493506494,0.07142857143,0.1298701299,,,,,,,,,,,,,
Ñame,bag or sack,3.6,,,,,,,,,,,,,,,,,,,,
Ñame,gram,,,,,,,,,,,,,0.0008810572819,,,,,,,0.001948529307,
Ñame,ounce,,,,,,,,,,0.02083333395,0.04500000067,,0.04374999925,,,,0.01249999967,,0.0625,0.03749999901,0.04270833234
Ñame,package,,,,,,,,0.65,,,,,,,,,,,,,
Ñame,pound,0.4,0.4,0.5,0.4,0.15,0.4,0.4,0.5,0.5,0.400000006,0.4766666691,0.4499999881,0.4000000159,0.75,,,0.25,0.5,0.75,0.6000000238,0.525000006
Ñame,unit,,0.15,0.5,0.6,,,,0.375,,,,,,,,,,,,,
Ñame,value,,0.03896103896,,0.06493506494,,,0.4155844156,0.1168831169,,,,,,,,,,,,,